Identifiant utilisateur,Durée,Compte,Opération,Jeton,Change,Remarque
10000001,2025-01-10 09:00:00,Spot,Deposit,EUR,5000,
10000001,2025-01-10 09:05:00,Spot,Transaction Sold,EUR,-2000,
10000001,2025-01-10 09:05:00,Spot,Transaction Revenue,BTC,0.025,
10000001,2025-01-10 09:05:00,Spot,Transaction Fee,BTC,-0.000025,
10000001,2025-01-10 09:10:00,Spot,Transaction Sold,EUR,-1000,
10000001,2025-01-10 09:10:00,Spot,Transaction Revenue,USDC,1100,
10000001,2025-01-10 09:10:00,Spot,Transaction Fee,USDC,-1.1,
10000001,2025-01-10 09:15:00,Spot,Binance Convert,EUR,-300,
10000001,2025-01-10 09:15:01,Spot,Binance Convert,BNB,0.5,
10000001,2025-01-12 08:00:00,Spot,Airdrop Assets,ACE,20,
10000001,2025-01-15 10:00:00,Spot,Transaction Spend,USDC,-500,
10000001,2025-01-15 10:00:00,Spot,Transaction Buy,SOL,2.5,
10000001,2025-01-15 10:00:00,Spot,BNB Fee Deduction,BNB,-0.001,
10000001,2025-01-16 01:00:00,Spot,Simple Earn Flexible Interest,USDC,0.1,
10000001,2025-01-16 13:00:00,Spot,Simple Earn Flexible Interest,USDC,0.1,
10000001,2025-01-17 09:00:00,Spot,Simple Earn Flexible Subscription,USDC,-100,
10000001,2025-01-20 09:00:00,Spot,Simple Earn Flexible Redemption,USDC,100,
10000001,2025-02-01 10:00:00,Spot,Inter-Wallet Transfer,SOL,-2.5,
10000001,2025-02-01 10:00:00,Isolated Margin,Inter-Wallet Transfer,SOL,2.5,
10000001,2025-02-01 11:00:00,Isolated Margin,Transaction Spend,SOL,-2.5,
10000001,2025-02-01 11:00:00,Isolated Margin,Transaction Buy,USDC,600,
10000001,2025-02-01 12:00:00,Isolated Margin,Inter-Wallet Transfer,USDC,-600,
10000001,2025-02-01 12:00:00,Spot,Inter-Wallet Transfer,USDC,600,
10000001,2025-02-02 03:00:00,Spot,BNB Fee Deduction,BNB,-0.002,
10000001,2025-02-02 07:00:00,Spot,BNB Fee Deduction,BNB,-0.003,
10000001,2025-03-01 12:00:00,Spot,Small Assets Exchange BNB,ACE,-20,ACE to BNB
10000001,2025-03-01 12:00:00,Spot,Small Assets Exchange BNB,BNB,0.004,ACE to BNB
10000001,2025-06-15 14:00:00,Spot,Transaction Spend,BTC,-0.01,
10000001,2025-06-15 14:00:00,Spot,Transaction Buy,EUR,900,
10000001,2025-06-15 14:00:00,Spot,Transaction Fee,EUR,-0.9,
10000001,2025-08-01 09:00:00,Funding,Transfer,USDC,-50,Binance Pay
10000001,2025-09-10 09:00:00,Spot,Withdraw,BTC,-0.005,Withdraw fee is included
10000001,2025-10-01 09:00:00,Spot,Asset Recovery,USDC,1,
10000001,2026-02-10 10:00:00,Spot,Transaction Spend,USDC,-400,
10000001,2026-02-10 10:00:00,Spot,Transaction Buy,EUR,370,
10000001,2026-02-10 10:00:00,Spot,Transaction Fee,EUR,-0.37,
10000001,2026-03-05 09:00:00,Spot,Buy Crypto With Fiat,ETH,0.1,
10000001,2026-04-01 09:00:00,Spot,Fiat Withdraw,EUR,-1000,
10000001,2026-04-02 09:00:00,Cross Margin,Transaction Sold,EUR,-50,
