"txid","refid","time","type","subtype","aclass","subclass","asset","wallet","amount","fee","balance","amountusd","feeusd","balanceusd","feecurrency"
"L1","D1","2025-03-01 09:00:00","deposit","","currency","fiat","ZEUR","spot / main",1000.0000,0.0000,1000.0000,"","","",""
"L2","T1","2025-03-01 10:00:00","trade","tradespot","currency","fiat","ZEUR","spot / main",-400.0000,1.0400,598.9600,"","","",""
"L3","T1","2025-03-01 10:00:00","trade","tradespot","currency","crypto","XXBT","spot / main",0.0050000000,0.0000000000,0.0050000000,"","","",""
"L4","T2","2025-03-02 11:00:00","trade","tradespot","currency","crypto","XXBT","spot / main",-0.0010000000,0.0000000000,0.0040000000,"","","",""
"L5","T2","2025-03-02 11:00:00","trade","tradespot","currency","crypto","XETH","spot / main",0.0400000000,0.0001000000,0.0399000000,"","","",""
"L6","E1","2025-03-03 08:00:00","earn","allocation","currency","crypto","XETH","spot / main",-0.0399000000,0.0000000000,0.0000000000,"","","",""
"L7","E1","2025-03-03 08:00:00","earn","allocation","currency","crypto","ETH.F","earn / flexible",0.0399000000,0.0000000000,0.0399000000,"","","",""
"L8","R1","2025-03-04 08:00:00","earn","reward","currency","crypto","ETH.F","earn / flexible",0.0000200000,0.0000000000,0.0399200000,"","","",""
"L9","S1","2025-03-05 08:00:00","staking","","currency","crypto","DOT.S","earn / bonded",0.1500000000,0.0000000000,0.1500000000,"","","",""
"L10","T3","2025-03-06 12:00:00","trade","tradespot","currency","crypto","XXBT","spot / main",-0.0020000000,0.0000000000,0.0020000000,"","","",""
"L11","T3","2025-03-06 12:00:00","trade","tradespot","currency","fiat","ZEUR","spot / main",180.0000,0.4700,778.4900,"","","",""
"L12","B1","2025-03-07 09:00:00","spend","","currency","fiat","ZUSD","spot / main",-110.0000,1.6500,0.0000,"","","",""
"L13","B1","2025-03-07 09:00:00","receive","","currency","crypto","SOL","spot / main",1.0000000000,0.0000000000,1.0000000000,"","","",""
"L14","W1","2025-03-08 10:00:00","withdrawal","","currency","crypto","XXBT","spot / main",-0.0010000000,0.0000500000,0.0009500000,"","","",""
"L15","M1","2025-03-09 10:00:00","margin","","currency","crypto","XXBT","spot / main",-0.0000100000,0.0000000000,0.0009400000,"","","",""
